Placement Name,Landing Page Impressions,Total Cost,Cost Per Impression,Subscribers Acquired,Cost Per Subscriber,Subscriber Rate %
18837,1805,8.31,0.00461,12,0.69,0.66
3393955,1745,8.19,0.00469,20,0.41,1.15
3365713,1215,5.74,0.00472,19,0.3,1.56
635245,1170,5.52,0.00472,28,0.2,2.39
3058396,913,4.2,0.0046,24,0.17,2.63
3539096,898,4.02,0.00448,2,2.01,0.22
3479851,891,3.95,0.00443,13,0.3,1.46
3479869,873,3.89,0.00445,16,0.24,1.83
3479845,869,3.87,0.00445,14,0.28,1.61
3479857,867,3.92,0.00452,16,0.24,1.85
2815052,855,4,0.00468,27,0.15,3.16
3134489,853,3.77,0.00442,9,0.42,1.06
3479839,846,3.81,0.0045,11,0.35,1.3
3479863,835,3.71,0.00444,14,0.26,1.68
1965956,808,3.73,0.00461,4,0.93,0.5
2330421,783,3.67,0.00469,8,0.46,1.02
2808152,709,3.35,0.00473,32,0.1,4.51
3377185,691,3.16,0.00457,7,0.45,1.01
3377179,674,3.11,0.00462,45,0.07,6.68
1522243,505,2.46,0.00487,2,1.23,0.4
3529096,502,2.28,0.00453,16,0.14,3.19
3046972,496,2.1,0.00423,6,0.35,1.21
3571715,466,2.15,0.00462,0,0,0
2940482,459,2.78,0.00607,17,0.16,3.7
3020689,451,1.97,0.00436,6,0.33,1.33
2714152,450,2.14,0.00475,4,0.53,0.89
3571015,442,2.14,0.00484,31,0.07,7.01
2348614,430,1.87,0.00434,1,1.87,0.23
2517904,419,2.58,0.00615,8,0.32,1.91
3246739,401,2.43,0.00606,21,0.12,5.24
2962706,392,1.76,0.0045,25,0.07,6.38
1001433,364,1.7,0.00468,3,0.57,0.82
2607993,357,1.6,0.00448,2,0.8,0.56
3528476,345,1.43,0.00415,4,0.36,1.16
188843,342,1.61,0.0047,1,1.61,0.29
3599562,339,1.51,0.00444,2,0.75,0.59
1969086,317,1.37,0.00433,2,0.69,0.63
3610344,307,1.45,0.00474,1,1.45,0.33
2087877,279,1.29,0.00462,15,0.09,5.38
1938526,268,1.26,0.00472,11,0.11,4.1
3146565,261,1.17,0.00447,1,1.17,0.38
3506407,250,1.5,0.00601,13,0.12,5.2
2574239,250,1.14,0.00455,0,0,0
3459571,241,1.11,0.00461,4,0.28,1.66
2755707,241,1.18,0.00489,5,0.24,2.07
1757818,240,1.1,0.00457,1,1.1,0.42
2869107,231,1.64,0.00709,10,0.16,4.33
3302179,227,0.93,0.00408,1,0.93,0.44
3258193,224,1.04,0.00465,2,0.52,0.89
3661806,224,1.05,0.00468,1,1.05,0.45
2954666,220,1.65,0.0075,13,0.13,5.91
3560767,218,1.05,0.0048,2,0.52,0.92
3298,217,0.96,0.00442,1,0.96,0.46
629528,212,0.95,0.0045,1,0.95,0.47
3598230,209,0.98,0.0047,3,0.33,1.44
440714,203,0.85,0.00418,1,0.85,0.49
3134465,202,0.85,0.00423,6,0.14,2.97
3134471,201,0.85,0.00421,4,0.21,1.99
3134453,199,0.82,0.00413,4,0.21,2.01
3058456,198,0.93,0.00468,3,0.31,1.52
3555421,198,0.92,0.00463,0,0,0
3607782,197,1.17,0.00596,18,0.07,9.14
3346837,196,0.89,0.00455,1,0.89,0.51
36286,196,0.98,0.005,3,0.33,1.53
3401749,180,0.72,0.00398,6,0.12,3.33
3606054,180,0.98,0.00545,15,0.07,8.33
3134477,171,0.74,0.00434,0,0,0
835224,171,1.01,0.00593,1,1.01,0.58
3535186,170,0.78,0.00456,3,0.26,1.76
3064906,168,0.74,0.00438,0,0,0
2900527,166,0.73,0.00441,1,0.73,0.6
3631452,156,0.76,0.0049,5,0.15,3.21
3602760,151,0.9,0.00595,9,0.1,5.96
3496675,149,0.75,0.00501,3,0.25,2.01
2495554,148,0.83,0.0056,2,0.41,1.35
3119957,145,0.9,0.00618,14,0.06,9.66
3646908,138,0.84,0.00605,6,0.14,4.35
3134459,136,0.58,0.00426,2,0.29,1.47
3134333,136,0.61,0.00449,0,0,0
3607794,134,0.8,0.00595,7,0.11,5.22
2485544,130,0.57,0.00435,1,0.57,0.77
3620670,130,0.64,0.0049,1,0.64,0.77
3134411,127,0.59,0.00466,1,0.59,0.79
3134405,126,0.57,0.00449,3,0.19,2.38
3659106,126,0.56,0.00448,1,0.56,0.79
1770334,126,0.59,0.00467,0,0,0
1633124,123,0.56,0.00458,2,0.28,1.63
3524881,122,0.51,0.00415,8,0.06,6.56
3213799,117,0.8,0.00686,7,0.11,5.98
3134399,116,0.51,0.0044,1,0.51,0.86
3134309,116,0.52,0.00452,2,0.26,1.72
3134393,116,0.53,0.00456,2,0.26,1.72
3651036,115,0.49,0.00429,0,0,0
3134387,115,0.49,0.00423,1,0.49,0.87
3134339,114,0.5,0.0044,0,0,0
2783337,114,0.49,0.00426,2,0.24,1.75
646140,114,0.5,0.0044,0,0,0
3134369,113,0.51,0.0045,2,0.25,1.77
2698502,112,0.63,0.00559,2,0.31,1.79
3297217,111,0.53,0.0048,1,0.53,0.9
3546756,110,0.63,0.00571,9,0.07,8.18
3134351,108,0.5,0.00459,1,0.5,0.93
1584198,108,0.5,0.00465,2,0.25,1.85
3663582,108,0.53,0.00488,0,0,0
3134291,107,0.46,0.00429,0,0,0
3134285,106,0.46,0.00434,0,0,0
3134297,105,0.46,0.00441,3,0.15,2.86
2989834,105,0.47,0.00443,0,0,0
3134375,102,0.48,0.00475,1,0.48,0.98
2957186,101,0.58,0.00578,0,0,0
2219680,100,0.5,0.00496,0,0,0
3134303,95,0.42,0.0044,1,0.42,1.05
3655608,91,0.44,0.00487,0,0,0
2477431,90,0.41,0.00452,0,0,0
3530701,88,0.52,0.00588,2,0.26,2.27
3396511,88,0.53,0.00602,2,0.27,2.27
2353234,87,0.49,0.00564,1,0.49,1.15
3185335,86,0.39,0.00452,4,0.1,4.65
3448999,85,0.39,0.00459,0,0,0
3659832,84,0.35,0.00411,0,0,0
3585978,84,0.4,0.00481,0,0,0
2432221,82,0.36,0.00434,0,0,0
2322182,81,0.35,0.00438,0,0,0
3389983,81,0.54,0.00666,7,0.08,8.64
3320425,78,0.36,0.00465,1,0.36,1.28
2629533,77,0.35,0.00459,0,0,0
2038584,76,0.32,0.0042,4,0.08,5.26
2196545,72,0.31,0.00437,1,0.31,1.39
2804077,71,0.33,0.00459,3,0.11,4.23
3348463,69,0.31,0.00447,0,0,0
3441649,67,0.32,0.00484,1,0.32,1.49
3241501,65,0.3,0.00467,0,0,0
2370398,62,0.28,0.00456,0,0,0
3060964,62,0.28,0.00457,0,0,0
3239065,60,0.28,0.0047,3,0.09,5
3073618,59,0.29,0.00485,2,0.14,3.39
3549936,59,0.28,0.0048,0,0,0
3479683,58,0.23,0.00389,1,0.23,1.72
1602827,56,0.22,0.00387,1,0.22,1.79
3420745,56,0.28,0.00498,1,0.28,1.79
3283681,56,0.26,0.00458,1,0.26,1.79
3260401,55,0.34,0.00612,0,0,0
506609,55,0.26,0.00471,2,0.13,3.64
3121217,54,0.23,0.00428,1,0.23,1.85
2300818,53,0.32,0.00607,3,0.11,5.66
2936392,53,0.27,0.0051,1,0.27,1.89
3620118,53,0.25,0.00467,1,0.25,1.89
3310909,52,0.24,0.0047,0,0,0
3231649,52,0.26,0.00506,0,0,0
104208,51,0.2,0.00391,0,0,0
2403229,51,0.3,0.00593,0,0,0
3563035,51,0.26,0.00502,0,0,0
2936402,50,0.26,0.00529,2,0.13,4
2647138,48,0.21,0.00435,1,0.21,2.08
3479875,48,0.22,0.00461,0,0,0
1485427,48,0.24,0.00497,0,0,0
2223670,47,0.22,0.00463,0,0,0
3512821,47,0.24,0.00515,0,0,0
2268274,46,0.2,0.00434,0,0,0
3650730,44,0.22,0.0049,1,0.22,2.27
3114143,44,0.22,0.00511,1,0.22,2.27
171228,43,0.21,0.0049,3,0.07,6.98
3073360,43,0.18,0.00426,0,0,0
3524886,42,0.15,0.00362,1,0.15,2.38
3560803,41,0.19,0.00463,0,0,0
3593760,41,0.2,0.00498,0,0,0
1524600,40,0.19,0.00469,1,0.19,2.5
3536356,40,0.21,0.0052,3,0.07,7.5
2696377,39,0.2,0.00503,0,0,0
3065434,39,0.19,0.00492,0,0,0
3165877,39,0.2,0.00521,1,0.2,2.56
3295447,37,0.18,0.00486,1,0.18,2.7
3445405,37,0.17,0.00468,0,0,0
2628863,37,0.2,0.00528,0,0,0
3553391,36,0.16,0.00455,0,0,0
3414589,36,0.17,0.0046,0,0,0
3447337,36,0.16,0.00437,0,0,0
2266587,35,0.2,0.00585,1,0.2,2.86
1223775,35,0.17,0.00498,0,0,0
3433183,35,0.19,0.00535,0,0,0
3421285,35,0.15,0.00433,1,0.15,2.86
3358345,35,0.17,0.00492,0,0,0
2849942,34,0.17,0.00495,0,0,0
3661212,34,0.16,0.00477,0,0,0
3638652,33,0.16,0.00499,0,0,0
2020598,33,0.18,0.00559,0,0,0
3524996,32,0.18,0.00573,1,0.18,3.13
2844122,32,0.15,0.00467,0,0,0
3539086,32,0.16,0.00486,2,0.08,6.25
3167941,31,0.15,0.0047,0,0,0
3550041,31,0.14,0.00465,0,0,0
2165017,30,0.13,0.00441,0,0,0
3134273,30,0.12,0.00389,1,0.12,3.33
3650550,30,0.14,0.00476,0,0,0
3544311,30,0.17,0.00552,1,0.17,3.33
3551456,30,0.15,0.00485,0,0,0
3641598,30,0.15,0.00516,1,0.15,3.33
1315577,30,0.14,0.00462,0,0,0
3134267,29,0.12,0.00427,0,0,0
3539356,29,0.15,0.00527,1,0.15,3.45
970237,29,0.12,0.00416,0,0,0
3615036,29,0.14,0.00472,0,0,0
1008069,28,0.13,0.00465,0,0,0
3297901,28,0.13,0.00476,1,0.13,3.57
3661200,28,0.13,0.00452,1,0.13,3.57
3057322,27,0.16,0.00579,0,0,0
2624418,26,0.12,0.00468,0,0,0
2290843,26,0.14,0.00521,0,0,0
1591498,26,0.13,0.00509,1,0.13,3.85
3462331,26,0.11,0.00433,0,0,0
2759062,26,0.12,0.00462,4,0.03,15.38
3134249,25,0.11,0.00447,0,0,0
2881012,25,0.14,0.00552,2,0.07,8
856533,25,0.12,0.00483,0,0,0
3298111,25,0.12,0.00497,1,0.12,4
3613080,25,0.13,0.00526,2,0.07,8
3460627,25,0.12,0.00499,0,0,0
3240145,25,0.11,0.0046,0,0,0
2936412,25,0.14,0.00553,1,0.14,4
3346687,24,0.11,0.0047,0,0,0
3025957,24,0.08,0.00335,1,0.08,4.17
3641628,24,0.12,0.00483,3,0.04,12.5
3569310,24,0.12,0.00484,2,0.06,8.33
3658686,24,0.12,0.00511,1,0.12,4.17
3066022,23,0.13,0.00572,0,0,0
1737371,23,0.1,0.00441,0,0,0
2885047,23,0.13,0.00565,0,0,0
2924152,23,0.11,0.00482,1,0.11,4.35
3378013,23,0.11,0.00457,2,0.05,8.7
3653550,23,0.11,0.00489,1,0.11,4.35
2694177,22,0.1,0.00452,0,0,0
3317275,22,0.11,0.00505,0,0,0
1913093,22,0.1,0.00461,2,0.05,9.09
3617838,22,0.13,0.00592,1,0.13,4.55
2680612,22,0.1,0.00474,0,0,0
141618,22,0.1,0.0045,0,0,0
3489157,22,0.1,0.00449,0,0,0
2901502,22,0.11,0.00518,0,0,0
3360505,22,0.11,0.00514,1,0.11,4.55
2291109,21,0.09,0.00438,0,0,0
3402145,21,0.1,0.00468,0,0,0
2440481,21,0.09,0.00448,1,0.09,4.76
3134255,21,0.1,0.00462,0,0,0
3010813,21,0.09,0.00427,0,0,0
3203869,21,0.09,0.00447,0,0,0
3033631,21,0.1,0.00479,0,0,0
2615993,21,0.1,0.00452,5,0.02,23.81
3163711,21,0.1,0.00485,0,0,0
3375409,21,0.1,0.0048,0,0,0
3574782,21,0.1,0.00462,0,0,0
3520105,21,0.1,0.00467,0,0,0
3139545,20,0.09,0.0044,0,0,0
2966722,20,0.12,0.0058,0,0,0
2408497,20,0.12,0.00608,0,0,0
3187177,20,0.1,0.00514,0,0,0
3542301,20,0.09,0.00434,0,0,0
3567883,20,0.11,0.00555,0,0,0
3661152,20,0.1,0.00495,0,0,0
3114245,20,0.1,0.00518,0,0,0
3395365,19,0.09,0.00475,0,0,0
3605910,19,0.08,0.00415,0,0,0
7797,19,0.13,0.00664,0,0,0
3627090,19,0.1,0.00525,0,0,0
2643348,19,0.09,0.0049,1,0.09,5.26
2551244,19,0.08,0.00416,0,0,0
3062092,19,0.09,0.0046,1,0.09,5.26
3290389,19,0.09,0.00486,0,0,0
3391039,19,0.09,0.00482,0,0,0
3220303,19,0.08,0.00436,2,0.04,10.53
2575374,19,0.08,0.00441,0,0,0
1539795,18,0.09,0.00477,0,0,0
900514,18,0.08,0.00434,0,0,0
3177883,18,0.08,0.00464,5,0.02,27.78
2895042,18,0.09,0.00523,1,0.09,5.56
3582306,18,0.09,0.00506,0,0,0
3150651,18,0.08,0.00472,1,0.08,5.56
12052,18,0.09,0.0049,0,0,0
3651072,18,0.09,0.00492,0,0,0
3658770,18,0.09,0.00528,0,0,0
2840962,18,0.09,0.00521,0,0,0
3038818,17,0.08,0.00475,0,0,0
2578004,17,0.11,0.0064,0,0,0
858018,17,0.08,0.00499,0,0,0
3031135,17,0.08,0.00456,0,0,0
3507553,17,0.1,0.00569,0,0,0
3588936,17,0.08,0.00497,0,0,0
3646356,17,0.09,0.00543,1,0.09,5.88
2753312,16,0.09,0.00531,0,0,0
2834082,16,0.07,0.00458,0,0,0
3619608,16,0.07,0.00412,0,0,0
3551621,16,0.08,0.00473,1,0.08,6.25
2524396,16,0.07,0.00455,0,0,0
3480667,16,0.07,0.00451,0,0,0
3407413,16,0.06,0.0039,0,0,0
3232105,16,0.07,0.00451,0,0,0
3584808,16,0.08,0.00486,1,0.08,6.25
3661194,16,0.09,0.00536,1,0.09,6.25
3377881,16,0.07,0.00435,0,0,0
3384205,15,0.06,0.00421,0,0,0
1188782,15,0.07,0.00479,0,0,0
2317296,15,0.06,0.00414,0,0,0
12051,15,0.08,0.00501,0,0,0
3023473,15,0.08,0.00537,1,0.08,6.67
3067222,15,0.07,0.00443,0,0,0
1978780,15,0.08,0.00502,0,0,0
2098930,15,0.07,0.00435,2,0.03,13.33
1878568,15,0.07,0.00471,1,0.07,6.67
3553771,15,0.07,0.00499,0,0,0
1288468,15,0.09,0.00594,0,0,0
3618798,15,0.08,0.00542,0,0,0
3475915,15,0.07,0.00483,1,0.07,6.67
3018751,14,0.07,0.00473,0,0,0
3134261,14,0.05,0.00347,0,0,0
1472747,14,0.05,0.00358,0,0,0
3525216,14,0.04,0.00291,0,0,0
2061740,14,0.07,0.005,1,0.07,7.14
12053,14,0.06,0.00406,0,0,0
3544966,14,0.07,0.00508,0,0,0
2974840,14,0.07,0.00534,0,0,0
957507,14,0.07,0.00511,1,0.07,7.14
1695934,14,0.05,0.00376,0,0,0
3551481,14,0.07,0.00493,0,0,0
3346453,14,0.07,0.00524,0,0,0
3661176,14,0.07,0.00475,0,0,0
3651234,13,0.08,0.00599,2,0.04,15.38
2679947,13,0.05,0.00403,0,0,0
3629502,13,0.07,0.00511,0,0,0
3047836,13,0.06,0.00471,0,0,0
3534706,13,0.07,0.00505,0,0,0
3240751,13,0.06,0.00432,1,0.06,7.69
2588048,13,0.06,0.00467,0,0,0
949906,13,0.08,0.00604,0,0,0
3320761,13,0.06,0.00425,0,0,0
3359329,13,0.07,0.00517,0,0,0
3179617,13,0.06,0.00471,0,0,0
3440401,12,0.08,0.0065,2,0.04,16.67
3488473,12,0.07,0.00615,0,0,0
3569345,12,0.07,0.00576,1,0.07,8.33
3403465,12,0.06,0.00478,0,0,0
3390709,12,0.06,0.00469,0,0,0
1925305,12,0.05,0.00414,0,0,0
3447967,12,0.05,0.00402,0,0,0
2789302,12,0.07,0.00556,0,0,0
869992,12,0.06,0.00479,0,0,0
3161047,12,0.06,0.00475,0,0,0
3536076,12,0.06,0.00494,0,0,0
689208,12,0.05,0.00429,0,0,0
1003900,12,0.07,0.00564,0,0,0
3619788,12,0.07,0.0062,1,0.07,8.33
3387889,12,0.07,0.00557,0,0,0
1307355,11,0.05,0.00469,0,0,0
2913947,11,0.05,0.00425,1,0.05,9.09
2881007,11,0.06,0.00519,0,0,0
313673,11,0.05,0.00456,0,0,0
3641688,11,0.05,0.00471,2,0.03,18.18
977823,11,0.06,0.00558,0,0,0
151073,11,0.05,0.00437,1,0.05,9.09
2491347,11,0.05,0.00418,0,0,0
2031533,11,0.04,0.00407,0,0,0
2367836,11,0.05,0.00469,0,0,0
3606354,11,0.05,0.00446,0,0,0
3396097,11,0.05,0.00475,0,0,0
1995536,11,0.05,0.00445,1,0.05,9.09
3641652,11,0.05,0.00443,2,0.02,18.18
2580409,11,0.06,0.00518,1,0.06,9.09
1276758,11,0.06,0.0051,0,0,0
3363973,11,0.05,0.00463,0,0,0
3614238,11,0.05,0.00417,0,0,0
2680867,11,0.06,0.00503,0,0,0
3402055,11,0.06,0.00518,0,0,0
2632923,11,0.06,0.0051,1,0.06,9.09
707475,11,0.05,0.0046,0,0,0
3505549,11,0.06,0.0057,1,0.06,9.09
3425743,11,0.05,0.00439,2,0.02,18.18
3277981,11,0.07,0.00615,1,0.07,9.09
3659352,11,0.06,0.00504,1,0.06,9.09
3277861,11,0.05,0.00442,0,0,0
2195481,10,0.03,0.00346,0,0,0
3436423,10,0.04,0.0041,0,0,0
1210256,10,0.05,0.0046,0,0,0
3584394,10,0.04,0.00418,0,0,0
3539266,10,0.06,0.00618,0,0,0
1581816,10,0.06,0.00569,1,0.06,10
3571770,10,0.05,0.00525,0,0,0
2276808,10,0.05,0.00521,0,0,0
3583728,10,0.06,0.00552,0,0,0
2299642,10,0.05,0.00466,0,0,0
3291685,10,0.04,0.004,1,0.04,10
2797232,10,0.05,0.00488,2,0.02,20
3654702,10,0.05,0.00464,0,0,0
3097325,10,0.04,0.00443,0,0,0
3307081,10,0.06,0.0056,1,0.06,10
3057526,10,0.05,0.00526,1,0.05,10
3661188,10,0.05,0.00455,0,0,0
3658248,10,0.06,0.00568,0,0,0
3165781,9,0.05,0.00543,0,0,0
383145,9,0.04,0.00398,0,0,0
2667597,9,0.04,0.00409,0,0,0
3313063,9,0.05,0.0058,2,0.03,22.22
3548736,9,0.05,0.00566,0,0,0
748103,9,0.04,0.0045,0,0,0
3012535,9,0.04,0.0048,0,0,0
3591960,9,0.04,0.00489,0,0,0
3627648,9,0.03,0.00326,1,0.03,11.11
2400961,9,0.04,0.00481,1,0.04,11.11
3473569,9,0.04,0.00461,0,0,0
2273363,9,0.04,0.00481,0,0,0
1906748,9,0.06,0.00639,0,0,0
16592,9,0.04,0.00458,0,0,0
744847,9,0.03,0.00339,0,0,0
3583722,9,0.06,0.00619,0,0,0
3625464,9,0.05,0.00516,0,0,0
2785267,9,0.04,0.00499,0,0,0
3567355,9,0.04,0.00389,0,0,0
3404695,9,0.05,0.00552,1,0.05,11.11
3429739,9,0.04,0.00485,0,0,0
2555759,9,0.04,0.00448,0,0,0
3151233,9,0.04,0.00449,0,0,0
2792532,9,0.04,0.00398,0,0,0
3053896,8,0.04,0.00464,0,0,0
3335605,8,0.05,0.00574,0,0,0
3086915,8,0.04,0.00547,1,0.04,12.5
3210697,8,0.03,0.00397,0,0,0
2047894,8,0.04,0.00553,0,0,0
3355897,8,0.04,0.00468,0,0,0
2759937,8,0.04,0.00491,0,0,0
16931,8,0.04,0.00498,0,0,0
411730,8,0.04,0.00475,0,0,0
3602520,8,0.04,0.00525,0,0,0
2876932,8,0.04,0.00489,0,0,0
2515872,8,0.04,0.00484,0,0,0
3167119,8,0.03,0.00396,0,0,0
11036,8,0.04,0.00448,0,0,0
1964823,8,0.04,0.00459,0,0,0
3467359,8,0.03,0.00427,0,0,0
3243811,8,0.05,0.00591,0,0,0
3471229,8,0.04,0.00492,0,0,0
2704872,8,0.04,0.00507,1,0.04,12.5
2631773,8,0.04,0.00525,0,0,0
3507355,8,0.05,0.0058,0,0,0
3055876,8,0.03,0.00388,0,0,0
3216895,8,0.03,0.00426,0,0,0
518128,8,0.03,0.0041,0,0,0
1495811,8,0.04,0.00488,0,0,0
2871407,8,0.04,0.00445,0,0,0
367840,8,0.04,0.00438,0,0,0
3654048,8,0.04,0.00483,0,0,0
3319081,8,0.04,0.00465,0,0,0
3161155,8,0.04,0.00538,0,0,0
549066,8,0.04,0.00465,0,0,0
3504739,8,0.04,0.00475,0,0,0
3057520,8,0.05,0.00682,0,0,0
3595182,8,0.05,0.00653,0,0,0
1968967,8,0.03,0.00427,0,0,0
3039814,8,0.04,0.00476,0,0,0
90953,8,0.03,0.00399,0,0,0
3548436,7,0.02,0.0034,0,0,0
3454159,7,0.04,0.00563,0,0,0
2985580,7,0.03,0.00416,0,0,0
3423277,7,0.03,0.00438,0,0,0
2204721,7,0.03,0.00465,0,0,0
3530676,7,0.04,0.00637,0,0,0
3600204,7,0.04,0.00529,0,0,0
3370141,7,0.03,0.00406,0,0,0
3597120,7,0.03,0.00427,0,0,0
2266594,7,0.03,0.0038,0,0,0
3650862,7,0.04,0.00508,0,0,0
3451357,7,0.03,0.00481,0,0,0
1204016,7,0.04,0.00523,1,0.04,14.29
3355963,7,0.03,0.00434,0,0,0
2443764,7,0.03,0.00412,0,0,0
3415339,7,0.03,0.00385,1,0.03,14.29
2871382,7,0.03,0.00377,0,0,0
3534641,7,0.03,0.00369,0,0,0
1560023,7,0.04,0.00506,0,0,0
3538591,7,0.03,0.00458,0,0,0
1785755,7,0.03,0.0042,0,0,0
3547381,7,0.03,0.00465,0,0,0
3653802,7,0.03,0.00499,2,0.02,28.57
2721062,7,0.04,0.0051,1,0.04,14.29
2891687,7,0.04,0.00519,0,0,0
2390749,7,0.03,0.0041,0,0,0
2811932,7,0.04,0.00623,0,0,0
2607538,7,0.03,0.00469,0,0,0
3333109,7,0.04,0.00621,0,0,0
3641670,7,0.03,0.00497,1,0.03,14.29
3220315,7,0.03,0.00434,0,0,0
3572760,7,0.03,0.00426,0,0,0
3658932,7,0.03,0.00443,0,0,0
2080794,7,0.04,0.00579,0,0,0
3659400,7,0.03,0.0043,1,0.03,14.29
3636414,7,0.02,0.00299,0,0,0
2732577,6,0.03,0.00447,2,0.01,33.33
3199039,6,0.03,0.00469,0,0,0
2811522,6,0.03,0.00537,0,0,0
3580080,6,0.02,0.00329,0,0,0
3595464,6,0.03,0.00542,0,0,0
3586320,6,0.03,0.00426,0,0,0
3649428,6,0.03,0.00437,1,0.03,16.67
2555914,6,0.04,0.0061,0,0,0
2878282,6,0.02,0.00392,1,0.02,16.67
3166429,6,0.03,0.00502,1,0.03,16.67
3115481,6,0.03,0.00425,0,0,0
3120929,6,0.02,0.00413,0,0,0
1300240,6,0.03,0.00474,0,0,0
1374219,6,0.03,0.00471,0,0,0
3030355,6,0.03,0.00446,0,0,0
1306914,6,0.03,0.00422,0,0,0
3620502,6,0.03,0.00515,0,0,0
2741177,6,0.03,0.00497,0,0,0
2619473,6,0.03,0.00488,0,0,0
3106127,6,0.03,0.00466,0,0,0
1484874,6,0.03,0.0047,0,0,0
2035086,6,0.02,0.00364,0,0,0
2756302,6,0.04,0.00597,0,0,0
550570,6,0.02,0.00298,0,0,0
3444625,6,0.03,0.005,0,0,0
2951726,6,0.03,0.00543,0,0,0
3438799,6,0.03,0.00509,0,0,0
3459823,6,0.03,0.00477,0,0,0
3645198,6,0.03,0.00496,1,0.03,16.67
3240121,6,0.03,0.00456,0,0,0
2297346,6,0.02,0.00403,0,0,0
1898323,6,0.03,0.00565,0,0,0
2485173,6,0.03,0.00471,0,0,0
3659430,6,0.03,0.00502,0,0,0
2815777,6,0.02,0.00336,0,0,0
2833582,6,0.03,0.00462,0,0,0
3472411,6,0.03,0.00445,0,0,0
3533846,6,0.04,0.00674,0,0,0
2608353,6,0.02,0.00338,0,0,0
3262969,6,0.03,0.00438,0,0,0
1897217,6,0.02,0.00365,0,0,0
3183481,6,0.03,0.00511,0,0,0
3063166,6,0.02,0.00403,0,0,0
3191431,6,0.03,0.00442,0,0,0
1039037,6,0.04,0.00603,0,0,0
3569340,6,0.04,0.00601,2,0.02,33.33
2362831,6,0.04,0.00586,1,0.04,16.67
3403957,6,0.02,0.00399,0,0,0
248637,6,0.03,0.00497,0,0,0
3502681,6,0.03,0.00483,0,0,0
2538459,6,0.03,0.00515,0,0,0
3286279,6,0.03,0.00482,1,0.03,16.67
1067845,6,0.03,0.00452,0,0,0
1897224,6,0.03,0.00443,0,0,0
3645918,6,0.03,0.00518,0,0,0
3564535,5,0.02,0.00383,0,0,0
3415405,5,0.03,0.00636,0,0,0
1408063,5,0.02,0.00384,0,0,0
3579846,5,0.02,0.00425,1,0.02,20
3218653,5,0.02,0.0041,0,0,0
3345583,5,0.02,0.00471,0,0,0
1911250,5,0.02,0.0033,0,0,0
3294391,5,0.02,0.00446,0,0,0
1741389,5,0.02,0.00497,0,0,0
3614886,5,0.02,0.00363,0,0,0
2833747,5,0.03,0.00525,0,0,0
3378541,5,0.02,0.00453,0,0,0
3477367,5,0.03,0.00511,0,0,0
2666932,5,0.02,0.00478,0,0,0
1114440,5,0.03,0.00528,2,0.01,40
3445387,5,0.02,0.00457,0,0,0
2902167,5,0.02,0.00481,0,0,0
2908657,5,0.02,0.00443,0,0,0
2245769,5,0.02,0.00479,0,0,0
3370303,5,0.03,0.00522,0,0,0
3519505,5,0.02,0.00444,0,0,0
3487417,5,0.02,0.00486,0,0,0
3529986,5,0.02,0.00434,0,0,0
932008,5,0.02,0.00482,0,0,0
3625332,5,0.03,0.00511,0,0,0
3519775,5,0.02,0.00474,1,0.02,20
3466567,5,0.02,0.00406,0,0,0
2583814,5,0.02,0.00479,0,0,0
378943,5,0.02,0.00385,0,0,0
3649542,5,0.02,0.00418,1,0.02,20
3618480,5,0.03,0.00532,0,0,0
3643572,5,0.03,0.00554,0,0,0
3385507,5,0.03,0.00551,0,0,0
3015127,5,0.03,0.00564,1,0.03,20
3619746,5,0.03,0.00585,0,0,0
3549091,5,0.03,0.00525,1,0.03,20
3187183,5,0.03,0.00502,0,0,0
1397412,5,0.03,0.00531,0,0,0
3250297,5,0.03,0.00638,0,0,0
1458989,5,0.03,0.00563,1,0.03,20
3571705,5,0.02,0.00483,2,0.01,40
3508819,5,0.02,0.00344,0,0,0
3482743,5,0.02,0.00394,0,0,0
1897194,5,0.02,0.00489,0,0,0
2511089,5,0.02,0.00442,0,0,0
3621360,5,0.02,0.00474,0,0,0
3593310,5,0.02,0.00497,0,0,0
1376827,5,0.02,0.00341,0,0,0
3426391,4,0.02,0.00459,0,0,0
2830312,4,0.02,0.00604,0,0,0
1610116,4,0.01,0.00304,0,0,0
2353563,4,0.02,0.00565,0,0,0
3559183,4,0.02,0.00483,0,0,0
3616218,4,0.01,0.00355,1,0.01,25
3540086,4,0.02,0.00465,1,0.02,25
3611622,4,0.02,0.00394,0,0,0
3578766,4,0.02,0.00395,0,0,0
3648612,4,0.02,0.00429,0,0,0
1308776,4,0.02,0.00399,1,0.02,25
1331279,4,0.02,0.00559,0,0,0
2485551,4,0.02,0.00421,0,0,0
2693132,4,0.02,0.00455,0,0,0
3596064,4,0.02,0.00498,0,0,0
2352562,4,0.02,0.00496,0,0,0
47181,4,0.02,0.00431,0,0,0
3565003,4,0.02,0.00385,0,0,0
3165523,4,0.02,0.00424,2,0.01,50
3168037,4,0.02,0.00591,0,0,0
3589782,4,0.02,0.00508,0,0,0
2808102,4,0.02,0.00429,0,0,0
3047440,4,0.02,0.00449,0,0,0
3616506,4,0.02,0.00497,0,0,0
1322069,4,0.01,0.00305,0,0,0
3059866,4,0.02,0.00473,0,0,0
382806,4,0.02,0.00506,0,0,0
3634446,4,0.02,0.00462,0,0,0
3300775,4,0.02,0.00396,1,0.02,25
2575874,4,0.02,0.00543,0,0,0
3598170,4,0.02,0.00449,0,0,0
1801134,4,0.02,0.00466,0,0,0
3355819,4,0.02,0.00432,0,0,0
3103649,4,0.02,0.00506,0,0,0
2471993,4,0.02,0.00422,0,0,0
3372433,4,0.02,0.00407,0,0,0
3475273,4,0.02,0.00378,0,0,0
3584508,4,0.01,0.00344,0,0,0
3132383,4,0.02,0.00386,0,0,0
3643368,4,0.02,0.00395,1,0.02,25
3057502,4,0.02,0.00521,0,0,0
3645222,4,0.02,0.00424,0,0,0
243742,4,0.02,0.00514,0,0,0
3483187,4,0.02,0.00423,0,0,0
548898,4,0.02,0.00544,0,0,0
3637128,4,0.02,0.00437,0,0,0
3376453,4,0.02,0.00532,1,0.02,25
1411910,4,0.01,0.00374,0,0,0
3556801,4,0.02,0.00479,0,0,0
1685722,4,0.02,0.00523,0,0,0
3325381,4,0.03,0.00676,0,0,0
3628218,4,0.02,0.00437,0,0,0
161923,4,0.02,0.00439,0,0,0
2474793,4,0.02,0.00586,0,0,0
1640712,4,0.02,0.00595,0,0,0
3324211,4,0.02,0.00516,0,0,0
3442177,4,0.02,0.00525,0,0,0
1558142,4,0.02,0.00584,0,0,0
3261619,4,0.02,0.00553,0,0,0
3298639,4,0.02,0.0048,0,0,0
2377244,4,0.02,0.00425,0,0,0
2027746,4,0.02,0.00447,0,0,0
3109199,4,0.01,0.00373,0,0,0
1274613,4,0.02,0.00506,0,0,0
2863257,4,0.02,0.00387,0,0,0
1333624,4,0.01,0.00324,0,0,0
3629808,4,0.02,0.00417,0,0,0
3546231,4,0.02,0.00445,0,0,0
3133241,4,0.02,0.00416,0,0,0
2883952,4,0.02,0.00555,0,0,0
3402835,4,0.03,0.00668,0,0,0
3178639,4,0.02,0.00439,0,0,0
2285124,4,0.02,0.00547,0,0,0
887220,4,0.02,0.00504,0,0,0
3019405,4,0.02,0.00436,0,0,0
2009389,4,0.02,0.00516,0,0,0
1108762,4,0.02,0.00568,0,0,0
364211,4,0.02,0.00523,0,0,0
2035462,4,0.01,0.0032,0,0,0
3563029,4,0.02,0.00433,0,0,0
3446053,4,0.02,0.00461,0,0,0
3402433,4,0.02,0.00536,0,0,0
3315379,4,0.02,0.00521,0,0,0
3637512,4,0.02,0.00514,0,0,0
3395881,4,0.02,0.00457,0,0,0
3420889,4,0.02,0.00391,0,0,0
3652854,4,0.02,0.00488,0,0,0
124583,4,0.02,0.00453,0,0,0
3625206,4,0.02,0.00573,0,0,0
3548876,4,0.03,0.00686,0,0,0
[WEBSITEID],3,0,0,1,0,33.33
3409789,3,0.01,0.00316,0,0,0
2033068,3,0.01,0.00481,1,0.01,33.33
3641658,3,0.01,0.00481,0,0,0
2968372,3,0.01,0.00412,0,0,0
3391177,3,0.01,0.00444,0,0,0
2959754,3,0.02,0.00594,0,0,0
2811547,3,0.01,0.00489,0,0,0
3142707,3,0.01,0.00383,0,0,0
3400735,3,0.01,0.0036,0,0,0
2205253,3,0.02,0.00612,0,0,0
3645816,3,0.02,0.00534,0,0,0
3271849,3,0.02,0.00519,0,0,0
2643973,3,0.01,0.00367,0,0,0
2345667,3,0.02,0.005,0,0,0
3062272,3,0.01,0.00387,0,0,0
3273181,3,0.01,0.00432,0,0,0
2823882,3,0.01,0.00372,0,0,0
3165775,3,0.02,0.00528,0,0,0
3581982,3,0.02,0.0059,0,0,0
3627216,3,0.01,0.00494,0,0,0
3311851,3,0.02,0.00538,0,0,0
59273,3,0.01,0.00404,0,0,0
3291205,3,0.01,0.00461,0,0,0
1220193,3,0.01,0.0041,0,0,0
3273217,3,0.01,0.00403,0,0,0
3104669,3,0.02,0.00526,0,0,0
3586686,3,0.02,0.00509,0,0,0
1964657,3,0.01,0.00436,0,0,0
3310471,3,0.02,0.00563,0,0,0
1840097,3,0.01,0.00427,0,0,0
2755302,3,0.01,0.00383,0,0,0
3419479,3,0.02,0.00545,0,0,0
3357895,3,0.01,0.00494,0,0,0
3641634,3,0.02,0.00529,0,0,0
3024031,3,0.02,0.00545,1,0.02,33.33
2003120,3,0.01,0.00467,0,0,0
1892923,3,0.02,0.00553,0,0,0
2912467,3,0.01,0.00407,0,0,0
3161041,3,0.01,0.00485,0,0,0
760193,3,0.01,0.00382,0,0,0
2473862,3,0.02,0.00501,0,0,0
2832667,3,0.01,0.00458,0,0,0
3659514,3,0.01,0.00491,0,0,0
657365,3,0.01,0.00338,0,0,0
3562423,3,0.01,0.00443,0,0,0
3574104,3,0.01,0.00456,0,0,0
3659520,3,0.02,0.00568,0,0,0
3084737,3,0.01,0.00477,0,0,0
3360793,3,0.02,0.00555,0,0,0
235137,3,0.01,0.00463,0,0,0
2030705,3,0.01,0.00445,0,0,0
1152200,3,0.02,0.00712,0,0,0
3145629,3,0.01,0.00436,0,0,0
2669737,3,0.02,0.00684,0,0,0
1992870,3,0.02,0.00601,0,0,0
3596724,3,0.01,0.00432,0,0,0
3615060,3,0.01,0.00407,0,0,0
2704897,3,0.02,0.00663,0,0,0
3111683,3,0.02,0.00546,0,0,0
3653010,3,0.02,0.0057,0,0,0
3626136,3,0.02,0.00587,0,0,0
3172303,3,0.02,0.00608,0,0,0
2391553,3,0.01,0.00451,0,0,0
1871144,3,0.02,0.0051,0,0,0
1431768,3,0.02,0.00524,0,0,0
996049,3,0.02,0.00525,0,0,0
2992792,3,0.02,0.00602,0,0,0
3048832,3,0.01,0.00498,0,0,0
3592410,3,0.02,0.00629,0,0,0
3381715,3,0.01,0.00484,0,0,0
3465721,3,0.01,0.00495,0,0,0
2935087,3,0.01,0.0039,0,0,0
2522244,3,0.02,0.00502,0,0,0
3304435,3,0.01,0.00391,0,0,0
3580734,3,0.02,0.00628,0,0,0
2831107,3,0.02,0.00536,0,0,0
3260011,3,0.02,0.0057,0,0,0
2036684,3,0.01,0.00447,0,0,0
2639038,3,0.01,0.00383,0,0,0
3121511,3,0.01,0.00403,0,0,0
3650964,3,0.01,0.00445,0,0,0
1495438,3,0.02,0.00531,0,0,0
3646824,3,0.02,0.00574,0,0,0
3271729,3,0.02,0.00575,2,0.01,66.67
3601152,3,0.01,0.0045,0,0,0
1444674,3,0.02,0.005,0,0,0
2665127,3,0.02,0.00552,0,0,0
1837691,3,0.01,0.00498,0,0,0
2474772,3,0.02,0.00561,0,0,0
3538361,3,0.02,0.00576,0,0,0
2855677,3,0.01,0.00442,0,0,0
2577629,3,0.01,0.00387,0,0,0
3372511,3,0.01,0.00476,0,0,0
2521640,3,0.01,0.0043,0,0,0
3104909,3,0.02,0.00579,1,0.02,33.33
3165763,3,0.01,0.00487,0,0,0
3497815,3,0.01,0.00455,1,0.01,33.33
1318511,3,0.02,0.00541,0,0,0
3168409,3,0.01,0.00489,0,0,0
3092525,3,0.01,0.00449,0,0,0
3631434,3,0.02,0.0065,0,0,0
2885537,3,0.01,0.0041,0,0,0
3605532,3,0.02,0.00506,0,0,0
1902655,3,0.01,0.00426,0,0,0
3590550,3,0.01,0.00455,0,0,0
3661146,3,0.01,0.00429,0,0,0
525100,3,0.01,0.00446,0,0,0
344720,3,0.01,0.00433,0,0,0
1962009,3,0.01,0.0047,0,0,0
3661140,3,0.01,0.00341,0,0,0
376023,3,0.01,0.00364,0,0,0
3273079,3,0.01,0.00488,1,0.01,33.33
3444871,3,0.01,0.00453,0,0,0
3579876,3,0.01,0.00439,0,0,0
2271928,3,0.01,0.0045,0,0,0
2879467,3,0.02,0.00521,1,0.02,33.33
2352688,3,0.02,0.00567,1,0.02,33.33
2694717,3,0.01,0.00407,0,0,0
3572226,3,0.02,0.00551,2,0.01,66.67
3603072,3,0.02,0.00608,0,0,0
1257226,3,0.02,0.00598,0,0,0
3536576,3,0.01,0.00424,1,0.01,33.33
3343033,3,0.01,0.0045,0,0,0
Unknown,2,0,0,0,0,0
3165805,2,0.01,0.00428,0,0,0
2649498,2,0.01,0.00316,0,0,0
2636698,2,0,0.002,0,0,0
3415039,2,0.01,0.00437,0,0,0
3344293,2,0.01,0.00448,0,0,0
2508469,2,0.01,0.00386,0,0,0
3527366,2,0.01,0.00606,0,0,0
3166417,2,0.01,0.00363,0,0,0
2583764,2,0.01,0.00512,0,0,0
3641562,2,0.01,0.00554,0,0,0
2465840,2,0.01,0.00422,0,0,0
3647568,2,0.01,0.0037,0,0,0
3284233,2,0.01,0.00648,0,0,0
3344347,2,0.01,0.00377,0,0,0
3395845,2,0.01,0.00608,0,0,0
3554641,2,0.01,0.00444,0,0,0
3293095,2,0.01,0.00628,0,0,0
3018349,2,0.01,0.00358,0,0,0
3178711,2,0.01,0.00426,0,0,0
1800945,2,0.01,0.00316,0,0,0
3090431,2,0.01,0.00407,0,0,0
841377,2,0.01,0.00564,0,0,0
3012541,2,0.01,0.0047,0,0,0
3168115,2,0.01,0.00494,0,0,0
3540561,2,0.01,0.00539,1,0.01,50
3622986,2,0.01,0.00337,0,0,0
3011413,2,0.01,0.00442,0,0,0
3364507,2,0.01,0.00531,1,0.01,50
3512569,2,0.01,0.00379,0,0,0
3602526,2,0.01,0.00539,0,0,0
3641682,2,0.01,0.00369,0,0,0
338783,2,0.01,0.00475,0,0,0
2471622,2,0.01,0.00534,0,0,0
283011,2,0.01,0.00511,0,0,0
1777810,2,0.01,0.00415,0,0,0
653275,2,0.01,0.0041,0,0,0
3149355,2,0.01,0.0058,0,0,0
3642942,2,0.01,0.00373,0,0,0
3653214,2,0.01,0.00352,1,0.01,50
3419743,2,0.01,0.00457,0,0,0
3451105,2,0.01,0.00369,0,0,0
3639858,2,0.01,0.00634,0,0,0
2959592,2,0.01,0.00379,0,0,0
3294397,2,0.01,0.00327,0,0,0
3587124,2,0.01,0.00721,0,0,0
3297475,2,0.01,0.00613,0,0,0
1848852,2,0.01,0.00517,0,0,0
951291,2,0.01,0.005,0,0,0
3335011,2,0.01,0.00457,0,0,0
2997364,2,0.01,0.005,0,0,0
3622362,2,0.01,0.00491,0,0,0
3194443,2,0.01,0.00261,0,0,0
2087625,2,0.01,0.00443,0,0,0
3445375,2,0.01,0.00285,0,0,0
3157477,2,0.01,0.00473,0,0,0
2536909,2,0.01,0.00378,0,0,0
3420715,2,0.01,0.00379,0,0,0
3625272,2,0.01,0.00482,0,0,0
3261715,2,0.01,0.00431,0,0,0
1356529,2,0.01,0.00384,0,0,0
3464821,2,0.01,0.00527,0,0,0
3545366,2,0.01,0.00448,0,0,0
3500677,2,0.01,0.0033,0,0,0
3161035,2,0.01,0.00542,0,0,0
3623700,2,0.01,0.00571,0,0,0
3301699,2,0.01,0.00685,0,0,0
3553716,2,0.01,0.00611,0,0,0
3467737,2,0.01,0.00497,0,0,0
2790297,2,0.01,0.00426,0,0,0
3480445,2,0.01,0.00613,0,0,0
3306775,2,0.01,0.00477,0,0,0
2976364,2,0.01,0.00319,0,0,0
3330013,2,0.01,0.00578,0,0,0
3657630,2,0.01,0.00516,0,0,0
1996013,2,0.01,0.00487,0,0,0
436869,2,0.01,0.00489,0,0,0
3411907,2,0.01,0.005,0,0,0
3347677,2,0.01,0.00518,0,0,0
791648,2,0.01,0.00456,0,0,0
3324859,2,0.01,0.00439,0,0,0
3657792,2,0.01,0.00494,0,0,0
552417,2,0.01,0.00484,0,0,0
2066269,2,0.01,0.00264,1,0.01,50
3161419,2,0.01,0.0051,0,0,0
3612804,2,0.01,0.00604,0,0,0
3648090,2,0.01,0.00421,0,0,0
3411811,2,0.01,0.00514,0,0,0
2285138,2,0.01,0.00316,0,0,0
3195421,2,0.01,0.00577,0,0,0
3250087,2,0.01,0.00602,0,0,0
2506691,2,0.01,0.00599,0,0,0
1740850,2,0.01,0.00534,0,0,0
1433091,2,0.01,0.00445,0,0,0
2688977,2,0.01,0.00404,0,0,0
3521413,2,0.01,0.00586,0,0,0
3260887,2,0.01,0.00586,1,0.01,50
2907587,2,0.01,0.00498,0,0,0
3019243,2,0.01,0.00497,0,0,0
2438815,2,0.01,0.00582,0,0,0
410673,2,0.01,0.00638,0,0,0
3569802,2,0.01,0.00677,0,0,0
3172513,2,0.01,0.00594,0,0,0
3604518,2,0.01,0.00614,0,0,0
3320215,2,0.01,0.0047,0,0,0
777728,2,0.01,0.00356,0,0,0
2641758,2,0.01,0.00596,0,0,0
3461071,2,0.01,0.00626,0,0,0
3651246,2,0.01,0.00552,0,0,0
1443484,2,0.01,0.00506,0,0,0
3394165,2,0.01,0.00451,1,0.01,50
1897200,2,0.01,0.00707,0,0,0
3325135,2,0.01,0.00624,1,0.01,50
3571845,2,0.01,0.00579,1,0.01,50
2390113,2,0.01,0.00334,0,0,0
2197574,2,0.01,0.00497,0,0,0
2814602,2,0.01,0.00611,0,0,0
2996248,2,0.01,0.00422,0,0,0
396819,2,0.01,0.00641,1,0.01,50
3326077,2,0.01,0.00467,0,0,0
3621738,2,0.01,0.00501,0,0,0
2983468,2,0.01,0.00497,0,0,0
2082502,2,0.01,0.0067,0,0,0
40448,2,0.01,0.00574,0,0,0
3132323,2,0.01,0.00298,0,0,0
452852,2,0.01,0.00654,0,0,0
3641622,2,0.01,0.00517,0,0,0
3181123,2,0.01,0.00469,0,0,0
3448561,2,0.01,0.00382,0,0,0
3564169,2,0.01,0.00513,0,0,0
1470560,2,0.01,0.00407,0,0,0
3606654,2,0.01,0.00567,0,0,0
11937,2,0.01,0.00399,0,0,0
2961830,2,0.01,0.00332,0,0,0
3550181,2,0.01,0.00513,0,0,0
3524211,2,0.01,0.00608,0,0,0
3226039,2,0.01,0.00702,1,0.01,50
2730322,2,0.01,0.00479,0,0,0
3568105,2,0.01,0.00512,1,0.01,50
1331260,2,0.01,0.00446,0,0,0
2842742,2,0.01,0.00467,0,0,0
2219043,2,0.01,0.00341,0,0,0
1410073,2,0.01,0.00463,0,0,0
3531766,2,0.01,0.00622,0,0,0
3446065,2,0.01,0.00527,0,0,0
1447725,2,0.01,0.00341,0,0,0
481115,2,0.01,0.00651,0,0,0
48639,2,0.01,0.00421,0,0,0
3559351,2,0.01,0.00443,0,0,0
3393385,2,0.01,0.00601,0,0,0
2408485,2,0.01,0.00554,0,0,0
3628992,2,0.01,0.00412,0,0,0
1897203,2,0.01,0.00641,0,0,0
313799,2,0.01,0.00489,0,0,0
2904182,2,0.01,0.00512,0,0,0
1433438,2,0.01,0.00512,0,0,0
2313761,2,0.01,0.00436,2,0,100
730083,2,0.01,0.00343,0,0,0
2795427,2,0.01,0.00515,0,0,0
3167455,2,0.01,0.00501,0,0,0
3421663,2,0.01,0.0044,0,0,0
3642606,2,0.01,0.00601,0,0,0
3084053,2,0.01,0.0033,0,0,0
3590364,2,0.01,0.0037,0,0,0
1360695,2,0.01,0.00537,0,0,0
3596046,2,0.01,0.00422,0,0,0
3657162,2,0.01,0.00369,1,0.01,50
1045113,2,0.01,0.00539,0,0,0
3655464,2,0.01,0.00546,1,0.01,50
879944,2,0.01,0.0041,0,0,0
2467849,2,0.01,0.00554,0,0,0
3583290,2,0.01,0.00394,1,0.01,50
3344917,2,0.01,0.00517,0,0,0
2507398,2,0.01,0.00485,0,0,0
3294403,2,0.01,0.00527,0,0,0
3435883,2,0.01,0.00358,1,0.01,50
2356461,2,0.01,0.00462,0,0,0
3323155,2,0.01,0.00682,0,0,0
3607530,2,0.01,0.00337,0,0,0
3661170,2,0.01,0.00494,0,0,0
2705612,2,0.01,0.00341,0,0,0
1184521,2,0.01,0.0048,0,0,0
942620,2,0.01,0.00402,0,0,0
3295945,2,0.01,0.00255,0,0,0
402862,2,0.01,0.00418,0,0,0
3661590,2,0.01,0.00421,0,0,0
3615090,2,0.01,0.00628,0,0,0
2434381,2,0.01,0.00421,0,0,0
3575052,2,0.01,0.0052,0,0,0
951068,2,0.01,0.00416,0,0,0
2134245,2,0.01,0.00494,0,0,0
2884382,2,0.01,0.0037,0,0,0
3559551,2,0.01,0.00539,0,0,0
2938814,2,0.01,0.00454,1,0.01,50
3639846,2,0.01,0.00616,0,0,0
3567475,2,0.01,0.0053,0,0,0
1790984,2,0.01,0.00275,0,0,0
3523249,2,0.01,0.00448,1,0.01,50
2351736,2,0.01,0.00341,0,0,0
2923232,2,0.01,0.00588,0,0,0
3270805,2,0.01,0.0039,0,0,0
3412519,2,0.01,0.00682,0,0,0
2520460,2,0.01,0.00545,0,0,0
360776,2,0.01,0.00512,0,0,0
3226135,2,0.01,0.00638,0,0,0
3159007,2,0.01,0.00467,0,0,0
3523911,2,0.01,0.00449,0,0,0
424713,2,0.01,0.00468,0,0,0
3291415,2,0.01,0.00494,2,0,100
3055102,2,0.01,0.00447,0,0,0
3567499,2,0.01,0.00487,0,0,0
3127913,2,0.01,0.00547,0,0,0
689474,2,0.01,0.00364,0,0,0
3655122,2,0.01,0.00458,0,0,0
1898327,2,0.01,0.00479,0,0,0
2030163,1,0,0.002,0,0,0
3555511,1,0.01,0.0055,0,0,0
3132617,1,0.01,0.0051,0,0,0
3183409,1,0,0.00344,0,0,0
3610884,1,0,0.00327,0,0,0
3652842,1,0.01,0.00546,0,0,0
3631962,1,0.01,0.0055,1,0.01,100
2007462,1,0,0.00319,0,0,0
3588138,1,0.01,0.00689,0,0,0
3189547,1,0.01,0.0055,0,0,0
3317449,1,0.01,0.00574,0,0,0
3592932,1,0,0.00344,0,0,0
3214069,1,0,0.00494,0,0,0
3385885,1,0.01,0.00613,0,0,0
2765682,1,0.01,0.00638,0,0,0
883815,1,0,0.0033,0,0,0
1328590,1,0.01,0.00654,0,0,0
3002959,1,0.01,0.00613,0,0,0
1502828,1,0.01,0.00654,0,0,0
3165799,1,0.01,0.00574,0,0,0
3090701,1,0,0.00358,0,0,0
1891526,1,0,0.00344,0,0,0
2278292,1,0,0.002,0,0,0
3475885,1,0,0.00332,0,0,0
2572884,1,0.01,0.0066,0,0,0
3538271,1,0,0.00399,0,0,0
3649536,1,0,0.00396,0,0,0
3330205,1,0,0.00308,0,0,0
2071638,1,0,0.002,0,0,0
3317479,1,0,0.00477,0,0,0
2961470,1,0,0.00396,0,0,0
2042486,1,0,0.00399,0,0,0
2347165,1,0,0.00446,0,0,0
3350095,1,0.01,0.00593,0,0,0
3074614,1,0,0.00341,0,0,0
2298907,1,0.01,0.005,0,0,0
2042492,1,0.01,0.00593,0,0,0
3626982,1,0,0.00396,0,0,0
3625020,1,0.01,0.00574,0,0,0
3407599,1,0,0.00344,0,0,0
3464575,1,0,0.00415,0,0,0
1861327,1,0,0.00358,0,0,0
3348439,1,0,0.00399,0,0,0
3635448,1,0.01,0.00638,0,0,0
3634548,1,0,0.00358,1,0,100
2753927,1,0,0.00255,0,0,0
3154251,1,0.01,0.005,0,0,0
2656703,1,0,0.00396,0,0,0
3476161,1,0.01,0.00594,0,0,0
3232927,1,0.01,0.0055,0,0,0
3312157,1,0,0.00341,0,0,0
3016123,1,0.01,0.00613,0,0,0
3595986,1,0,0.002,0,0,0
2829732,1,0,0.002,0,0,0
3296215,1,0,0.00341,1,0,100
3625602,1,0.01,0.005,0,0,0
1003503,1,0,0.00371,0,0,0
1417059,1,0,0.00341,0,0,0
1186506,1,0.01,0.00574,0,0,0
2645938,1,0,0.00327,0,0,0
2516632,1,0,0.00327,0,0,0
3584664,1,0,0.00494,0,0,0
3617526,1,0,0.00344,0,0,0
3277801,1,0.01,0.00574,0,0,0
3424153,1,0,0.00327,0,0,0
3104987,1,0,0.00319,0,0,0
3584658,1,0.01,0.005,1,0.01,100
3610014,1,0.01,0.00654,0,0,0
3033445,1,0.01,0.00682,0,0,0
2930457,1,0.01,0.0055,0,0,0
3574050,1,0.01,0.005,0,0,0
3473305,1,0,0.00396,0,0,0
2041340,1,0,0.00319,0,0,0
2646603,1,0,0.00358,0,0,0
3337831,1,0,0.00399,0,0,0
2594423,1,0,0.00494,0,0,0
907643,1,0,0.0033,0,0,0
2799572,1,0,0.00385,0,0,0
1981212,1,0,0.00341,0,0,0
2966006,1,0.01,0.00554,0,0,0
3659526,1,0.01,0.005,0,0,0
3447013,1,0,0.00415,0,0,0
1602579,1,0.01,0.00554,0,0,0
3293239,1,0,0.00379,0,0,0
3318073,1,0,0.00415,0,0,0
3544981,1,0,0.0033,0,0,0
2875317,1,0,0.00191,0,0,0
3467707,1,0.01,0.00682,0,0,0
122943,1,0.01,0.00682,0,0,0
3570495,1,0.01,0.00613,0,0,0
2586579,1,0,0.00319,0,0,0
3502819,1,0.01,0.00682,0,0,0
3533471,1,0.01,0.00674,0,0,0
3570035,1,0,0.00426,0,0,0
1794323,1,0,0.00344,0,0,0
3570995,1,0,0.00447,0,0,0
2987578,1,0.01,0.00682,0,0,0
3026575,1,0.01,0.00682,0,0,0
3015835,1,0.01,0.00633,0,0,0
2829782,1,0,0.0033,0,0,0
3191761,1,0,0.00341,0,0,0
2042480,1,0,0.00341,0,0,0
3081353,1,0,0.00494,0,0,0
2159653,1,0,0.00426,0,0,0
3462241,1,0.01,0.005,0,0,0
3585060,1,0.01,0.00743,0,0,0
3644382,1,0.01,0.00593,0,0,0
2884577,1,0,0.00494,0,0,0
2383474,1,0.01,0.00715,0,0,0
3458815,1,0.01,0.00682,0,0,0
3646638,1,0,0.00308,0,0,0
958582,1,0,0.0033,0,0,0
3151497,1,0.01,0.00554,0,0,0
2927157,1,0.01,0.00613,0,0,0
3421909,1,0.01,0.00715,0,0,0
3596262,1,0,0.00443,0,0,0
3363721,1,0.01,0.005,0,0,0
3632634,1,0.01,0.0055,0,0,0
410047,1,0,0.00341,0,0,0
3433045,1,0.01,0.00682,0,0,0
3373549,1,0.01,0.00574,0,0,0
669379,1,0,0.00486,0,0,0
2315987,1,0,0.00327,0,0,0
1560901,1,0.01,0.00613,0,0,0
660736,1,0.01,0.00682,0,0,0
3147849,1,0,0.00341,0,0,0
3652044,1,0.01,0.00593,0,0,0
3656382,1,0.01,0.0085,0,0,0
3604248,1,0.01,0.00792,0,0,0
3150711,1,0,0.00396,0,0,0
1445269,1,0.01,0.00633,0,0,0
3492697,1,0,0.00341,0,0,0
560552,1,0.01,0.00593,0,0,0
2883447,1,0.01,0.00835,0,0,0
3643362,1,0,0.00341,0,0,0
3090257,1,0.01,0.00748,0,0,0
36359,1,0.01,0.00633,0,0,0
3633510,1,0,0.00396,0,0,0
3180673,1,0.01,0.00654,0,0,0
3488257,1,0,0.0044,0,0,0
895787,1,0.01,0.00672,0,0,0
3320161,1,0,0.0033,0,0,0
2613628,1,0,0.00385,0,0,0
1964163,1,0,0.0044,0,0,0
3613176,1,0,0.00341,0,0,0
3420901,1,0.01,0.00653,0,0,0
2174110,1,0.01,0.00732,0,0,0
3591600,1,0,0.00191,0,0,0
2206863,1,0.01,0.00752,0,0,0
2979196,1,0.01,0.00752,0,0,0
3559123,1,0.01,0.00682,0,0,0
3054322,1,0,0.00341,0,0,0
3372421,1,0.01,0.00682,0,0,0
1978484,1,0,0.00385,0,0,0
37890,1,0.01,0.00792,0,0,0
3657576,1,0.01,0.00712,0,0,0
1031021,1,0,0.0044,0,0,0
1786084,1,0.01,0.00653,0,0,0
2136065,1,0.01,0.00654,0,0,0
3591966,1,0.01,0.00836,0,0,0
1711415,1,0.01,0.00712,0,0,0
3487321,1,0,0.00459,0,0,0
3541516,1,0.01,0.00748,0,0,0
3271951,1,0,0.0044,0,0,0
3335191,1,0.01,0.00732,0,0,0
1880034,1,0.01,0.00704,0,0,0
3521677,1,0.01,0.00682,0,0,0
1107129,1,0,0.00459,0,0,0
1602897,1,0,0.0033,0,0,0
3405931,1,0,0.0044,0,0,0
3273115,1,0.01,0.00732,0,0,0
3338173,1,0,0.00352,0,0,0
3364687,1,0.01,0.00748,0,0,0
2697232,1,0,0.00352,0,0,0
3440617,1,0.01,0.00692,0,0,0
2064638,1,0.01,0.00704,0,0,0
2489373,1,0,0.0044,0,0,0
2630143,1,0.01,0.00654,1,0.01,100
2230712,1,0.01,0.00732,0,0,0
3466279,1,0.01,0.00653,0,0,0
3625470,1,0,0.00341,0,0,0
3090353,1,0,0.00341,0,0,0
2115926,1,0,0.00363,0,0,0
974089,1,0,0.00327,0,0,0
3570325,1,0.01,0.00654,0,0,0
3294547,1,0.01,0.00682,0,0,0
3429457,1,0,0.0044,0,0,0
3290815,1,0.01,0.00682,0,0,0
3635046,1,0,0.00374,0,0,0
1317392,1,0.01,0.00726,0,0,0
3373963,1,0,0.0033,0,0,0
3640998,1,0.01,0.00682,0,0,0
3579900,1,0.01,0.005,0,0,0
3031453,1,0,0.00341,0,0,0
3165811,1,0,0.00319,0,0,0
2626938,1,0.01,0.005,0,0,0
3461779,1,0,0.00345,0,0,0
2107792,1,0,0.00385,0,0,0
31862,1,0.01,0.0055,0,0,0
2189692,1,0.01,0.00653,0,0,0
2387569,1,0.01,0.00682,0,0,0
3580806,1,0.01,0.00743,0,0,0
3525721,1,0.01,0.00638,0,0,0
3341479,1,0,0.00371,0,0,0
3631950,1,0.01,0.00702,0,0,0
1227764,1,0.01,0.00613,0,0,0
2679942,1,0.01,0.00682,0,0,0
3314473,1,0,0.00341,0,0,0
770728,1,0,0.00413,0,0,0
3461233,1,0,0.00341,0,0,0
590923,1,0.01,0.00613,0,0,0
15684,1,0,0.00344,0,0,0
674540,1,0,0.00371,0,0,0
2886297,1,0.01,0.005,0,0,0
3480289,1,0,0.00371,0,0,0
3596034,1,0.01,0.00574,0,0,0
2037765,1,0.01,0.00743,0,0,0
3568835,1,0.01,0.005,0,0,0
3423457,1,0,0.00341,0,0,0
2754812,1,0,0.00341,0,0,0
3502675,1,0,0.00319,0,0,0
3371557,1,0.01,0.00633,0,0,0
1572220,1,0,0.00385,0,0,0
2706602,1,0.01,0.00593,0,0,0
2414977,1,0,0.00477,0,0,0
2594258,1,0.01,0.00688,0,0,0
3074410,1,0.01,0.00702,0,0,0
728420,1,0.01,0.00638,0,0,0
1581820,1,0,0.00371,0,0,0
3295315,1,0.01,0.00554,0,0,0
3509077,1,0.01,0.0055,0,0,0
3582324,1,0.01,0.00613,0,0,0
2883282,1,0.01,0.00638,0,0,0
1860597,1,0.01,0.0055,0,0,0
2112118,1,0,0.00341,0,0,0
3415285,1,0.01,0.00682,0,0,0
3305707,1,0,0.00341,0,0,0
3436945,1,0,0.00341,0,0,0
2588718,1,0,0.00341,0,0,0
3361375,1,0,0.00341,0,0,0
3453859,1,0.01,0.00613,0,0,0
2767777,1,0,0.00494,0,0,0
2035490,1,0.01,0.00574,0,0,0
3428929,1,0,0.00344,1,0,100
3382525,1,0.01,0.00682,0,0,0
2623993,1,0,0.00344,0,0,0
2990896,1,0.01,0.005,0,0,0
1568860,1,0,0.00363,0,0,0
3461485,1,0,0.00341,0,0,0
3641664,1,0,0.00341,0,0,0
1430603,1,0,0.00344,0,0,0
3492019,1,0.01,0.0055,0,0,0
3617922,1,0,0.00327,0,0,0
3591468,1,0.01,0.00682,0,0,0
3051112,1,0,0.00494,0,0,0
3105203,1,0,0.00494,0,0,0
319947,1,0.01,0.00702,0,0,0
3659436,1,0.01,0.00613,0,0,0
118573,1,0,0.00344,0,0,0
3453055,1,0,0.00344,0,0,0
3082277,1,0,0.00344,0,0,0
3557995,1,0.01,0.00688,0,0,0
3531901,1,0.01,0.00702,0,0,0
2042504,1,0.01,0.00654,0,0,0
2666157,1,0.01,0.00688,0,0,0
3528471,1,0,0.00258,1,0,100
3659070,1,0.01,0.00574,0,0,0
3581082,1,0,0.00345,0,0,0
339496,1,0,0.00319,0,0,0
2414509,1,0,0.00477,0,0,0
864052,1,0.01,0.00682,0,0,0
3635820,1,0,0.00319,0,0,0
3092441,1,0,0.00385,0,0,0
3634524,1,0,0.00494,0,0,0
2640293,1,0,0.00344,0,0,0
3324973,1,0,0.00341,0,0,0
2427775,1,0.01,0.00682,0,0,0
2090285,1,0,0.00341,0,0,0
3333523,1,0.01,0.00682,0,0,0
3333511,1,0,0.00494,0,0,0
2513788,1,0,0.00344,0,0,0
2876912,1,0.01,0.00574,0,0,0
3292825,1,0,0.00327,0,0,0
2931262,1,0,0.00341,0,0,0
1756292,1,0,0.0033,0,0,0
737832,1,0,0.00494,0,0,0
3466231,1,0.01,0.0066,0,0,0
840937,1,0.01,0.00682,0,0,0
3641676,1,0,0.00344,0,0,0
3529656,1,0,0.00344,0,0,0
3566941,1,0.01,0.00613,0,0,0
1898321,1,0.01,0.00715,0,0,0
3520705,1,0.01,0.005,0,0,0
3558559,1,0.01,0.00682,0,0,0
3401707,1,0,0.00319,0,0,0
3117947,1,0.01,0.00688,0,0,0
3605964,1,0.01,0.00638,0,0,0
3259411,1,0,0.00327,0,0,0
2188040,1,0,0.00255,0,0,0
384659,1,0.01,0.00715,0,0,0
2389369,1,0,0.00344,0,0,0
3319009,1,0,0.00341,0,0,0
3614814,1,0,0.00494,0,0,0
3467335,1,0,0.0038,0,0,0
3589980,1,0,0.0038,0,0,0
3505423,1,0,0.0046,0,0,0
3505417,1,0,0.00344,0,0,0
3600504,1,0,0.00494,0,0,0
3295369,1,0,0.0033,0,0,0
3391351,1,0,0.00319,0,0,0
3426037,1,0,0.00358,0,0,0
3280747,1,0,0.00332,0,0,0
3414583,1,0.01,0.005,0,0,0
3608784,1,0,0.00358,0,0,0
1270035,1,0,0.00413,1,0,100
2947148,1,0,0.00341,0,0,0
3534751,1,0.01,0.00715,0,0,0
3261829,1,0,0.00494,0,0,0
3524061,1,0,0.00358,0,0,0
2423791,1,0,0.00327,0,0,0
3541356,1,0,0.00341,0,0,0
11721,1,0,0.00494,0,0,0
3544721,1,0,0.0046,0,0,0
901768,1,0,0.00319,0,0,0
2404357,1,0.01,0.00853,0,0,0
3510805,1,0,0.0046,0,0,0
1961456,1,0.01,0.005,0,0,0
1341610,1,0,0.00341,0,0,0
3367075,1,0,0.00447,0,0,0
3508399,1,0,0.0046,0,0,0
3241573,1,0,0.00494,0,0,0
3466729,1,0,0.00371,0,0,0
3298297,1,0.01,0.005,0,0,0
3322357,1,0.01,0.005,0,0,0
1074360,1,0,0.00341,0,0,0
3082571,1,0,0.00352,0,0,0
3511225,1,0,0.0046,0,0,0
3576984,1,0,0.00494,0,0,0
2042522,1,0,0.00413,0,0,0
3647202,1,0,0.00341,0,0,0
2625043,1,0,0.00341,1,0,100
3553551,1,0.01,0.005,0,0,0
1898042,1,0.01,0.005,0,0,0
3593316,1,0,0.00371,0,0,0
3495265,1,0.01,0.00534,0,0,0
2496338,1,0,0.00341,0,0,0
2854572,1,0,0.0046,0,0,0
3046366,1,0.01,0.00512,0,0,0
3229171,1,0,0.00396,0,0,0
3128033,1,0,0.00415,0,0,0
3511165,1,0,0.00494,0,0,0
2932307,1,0,0.00327,0,0,0
2950532,1,0.01,0.00682,0,0,0
2932592,1,0,0.00344,0,0,0
1093923,1,0,0.00319,0,0,0
2949314,1,0,0.00345,1,0,100
1938878,1,0,0.00426,0,0,0
3616908,1,0,0.00191,0,0,0
3385615,1,0,0.0046,0,0,0
2046144,1,0,0.00327,0,0,0
3141117,1,0,0.00357,0,0,0
1900896,1,0.01,0.00512,0,0,0
3495109,1,0,0.0033,0,0,0
362839,1,0.01,0.00534,0,0,0
3186121,1,0,0.00345,0,0,0
2819817,1,0,0.00371,0,0,0
1856663,1,0,0.00396,0,0,0
3592218,1,0,0.00399,0,0,0
2943062,1,0,0.00344,0,0,0
3641646,1,0.01,0.00574,0,0,0
3627378,1,0,0.00358,0,0,0
489515,1,0.01,0.00638,0,0,0
3525461,1,0,0.00358,0,0,0
3636768,1,0.01,0.00534,0,0,0
2298256,1,0,0.00494,0,0,0
3580632,1,0,0.00396,0,0,0
1904721,1,0,0.00341,0,0,0
2938478,1,0,0.0046,0,0,0
3330583,1,0,0.00477,0,0,0
2498487,1,0,0.00319,0,0,0
3543651,1,0.01,0.00554,0,0,0
2055636,1,0.01,0.00633,0,0,0
2084203,1,0,0.0046,0,0,0
3255103,1,0,0.0046,1,0,100
2613698,1,0,0.00399,0,0,0
3212035,1,0,0.00344,0,0,0
1443155,1,0,0.00341,0,0,0
2901007,1,0.01,0.00682,0,0,0
3549456,1,0,0.00341,0,0,0
1907843,1,0,0.00308,0,0,0
3645618,1,0.01,0.005,0,0,0
1761969,1,0,0.00191,0,0,0
2265978,1,0,0.00494,0,0,0
3553981,1,0.01,0.005,0,0,0
3324061,1,0,0.0044,0,0,0
3170479,1,0.01,0.005,0,0,0
2790347,1,0.01,0.00534,0,0,0
3661098,1,0.01,0.0055,0,0,0
3080531,1,0.01,0.00688,0,0,0
3290197,1,0.01,0.00682,0,0,0
2262261,1,0,0.00431,0,0,0
3646284,1,0,0.00494,0,0,0
3385861,1,0,0.00327,0,0,0
2555349,1,0,0.00358,0,0,0
3646932,1,0.01,0.00593,0,0,0
3115679,1,0,0.00344,0,0,0
3161143,1,0.01,0.00682,0,0,0
3165823,1,0.01,0.00715,1,0.01,100
3319075,1,0.01,0.00715,0,0,0
2400259,1,0.01,0.00702,0,0,0
3419797,1,0.01,0.00702,0,0,0
3196963,1,0.01,0.00702,0,0,0
2948654,1,0,0.00341,1,0,100
3534861,1,0.01,0.005,0,0,0
3347593,1,0,0.0033,1,0,100
3479071,1,0.01,0.00682,0,0,0
3165817,1,0.01,0.005,0,0,0
3624336,1,0.01,0.0055,0,0,0
3149853,1,0.01,0.00702,0,0,0
1597733,1,0.01,0.00688,0,0,0
1784397,1,0.01,0.00534,0,0,0
2423047,1,0,0.00341,0,0,0
2525779,1,0.01,0.00682,1,0.01,100
3067102,1,0.01,0.00534,0,0,0
3277783,1,0.01,0.0099,0,0,0
1302749,1,0.01,0.00688,0,0,0
1390944,1,0.01,0.00682,0,0,0
3150753,1,0,0.00327,0,0,0
3093647,1,0,0.00341,0,0,0
2421577,1,0,0.00341,0,0,0
866305,1,0.01,0.005,0,0,0
1362636,1,0,0.00341,0,0,0
2986000,1,0.01,0.00682,0,0,0
3562261,1,0.01,0.00654,0,0,0
3514177,1,0.01,0.005,0,0,0
3539656,1,0.01,0.00682,0,0,0
182683,1,0,0.0033,1,0,100
1739142,1,0,0.00341,0,0,0
3483505,1,0.01,0.005,0,0,0
3389659,1,0.01,0.00682,0,0,0
2934872,1,0.01,0.00534,0,0,0
1469197,1,0.01,0.00593,0,0,0
3377497,1,0.01,0.005,0,0,0
3479515,1,0,0.00494,0,0,0
3203875,1,0,0.00344,0,0,0
3619914,1,0.01,0.005,0,0,0
3302317,1,0,0.00341,0,0,0
3182617,1,0.01,0.00682,0,0,0
2023863,1,0.01,0.00688,1,0.01,100
1105505,1,0.01,0.005,0,0,0
3526696,1,0,0.00341,0,0,0
3087209,1,0,0.00319,0,0,0
2367241,1,0.01,0.005,0,0,0
1772966,1,0.01,0.005,0,0,0
3636660,1,0,0.00341,0,0,0
3648516,1,0.01,0.005,0,0,0
2795747,1,0.01,0.005,0,0,0
3226999,1,0,0.00341,0,0,0
3524971,1,0,0.00191,1,0,100
3653208,1,0.01,0.00593,0,0,0
3489331,1,0.01,0.005,0,0,0
2149837,1,0.01,0.00574,0,0,0
3570230,1,0.01,0.005,0,0,0
2633158,1,0.01,0.005,0,0,0
3604404,1,0,0.00341,0,0,0
3589590,1,0,0.00341,0,0,0
3575526,1,0.01,0.005,0,0,0
3528216,1,0,0.00371,0,0,0
3444679,1,0.01,0.00682,0,0,0
3121403,1,0.01,0.00554,0,0,0
3281149,1,0,0.00341,0,0,0
3612978,1,0,0.00191,0,0,0
2128596,1,0,0.00341,0,0,0
3658266,1,0,0.00344,0,0,0
2290248,1,0.01,0.0066,0,0,0
3262561,1,0.01,0.005,0,0,0
2769342,1,0.01,0.005,0,0,0
32647,1,0,0.00341,0,0,0
3274573,1,0,0.00431,0,0,0
3234229,1,0.01,0.00633,0,0,0
3392845,1,0,0.00494,0,0,0
1947530,1,0,0.00319,0,0,0
3295357,1,0,0.00319,0,0,0
3591156,1,0,0.00327,0,0,0
1578367,1,0,0.00341,0,0,0
956613,1,0,0.00456,0,0,0
3306421,1,0,0.00341,0,0,0
1850989,1,0.01,0.00682,0,0,0
1800119,1,0.01,0.00633,0,0,0
3427273,1,0.01,0.00633,0,0,0
3473155,1,0,0.00341,0,0,0
3518497,1,0.01,0.00633,0,0,0
1322057,1,0.01,0.00682,0,0,0
3653880,1,0.01,0.005,0,0,0
2710262,1,0,0.00344,0,0,0
2064001,1,0,0.00319,0,0,0
2700777,1,0.01,0.00682,0,0,0
3065296,1,0.01,0.005,0,0,0
2755742,1,0.01,0.00613,0,0,0
1611622,1,0.01,0.00633,0,0,0
3107081,1,0,0.00327,0,0,0
3358477,1,0,0.0033,0,0,0
3341545,1,0,0.00344,0,0,0
3620010,1,0.01,0.0055,0,0,0
3653238,1,0,0.00396,0,0,0
3625764,1,0.01,0.00702,0,0,0
3181981,1,0.01,0.005,1,0.01,100
3569305,1,0.01,0.00702,0,0,0
2064995,1,0.01,0.00682,0,0,0
2947400,1,0,0.00341,0,0,0
1254664,1,0.01,0.00702,0,0,0
3294385,1,0.01,0.005,0,0,0
3561269,1,0.01,0.00682,0,0,0
3566395,1,0.01,0.005,0,0,0
3583278,1,0.01,0.00633,0,0,0
2861352,1,0,0.00341,0,0,0
3204829,1,0,0.00341,0,0,0
307735,1,0,0.00341,1,0,100
3598320,1,0.01,0.005,0,0,0
1325121,1,0.01,0.0066,0,0,0
3526491,1,0.01,0.0066,0,0,0
3610410,1,0,0.00344,0,0,0
3325879,1,0.01,0.00613,0,0,0
3231439,1,0,0.00341,0,0,0
1897214,1,0,0.00396,0,0,0
1130953,1,0,0.00341,0,0,0
3590076,1,0,0.00319,0,0,0
3566671,1,0.01,0.00613,0,0,0
3050806,1,0.01,0.00682,0,0,0
3615990,1,0.01,0.005,0,0,0
3196435,1,0.01,0.00633,0,0,0
1408532,1,0.01,0.00682,0,0,0
845970,1,0,0.00341,0,0,0
3532496,1,0,0.00344,0,0,0
3577152,1,0.01,0.005,0,0,0
3318619,1,0,0.0033,1,0,100
3034993,1,0.01,0.00633,0,0,0
3117041,1,0.01,0.00633,1,0.01,100
3653394,1,0,0.00327,1,0,100
1747710,1,0.01,0.00593,0,0,0
2834262,1,0.01,0.005,0,0,0
1806622,1,0.01,0.00682,0,0,0
3529956,1,0.01,0.005,0,0,0
3481867,1,0,0.00316,0,0,0
3542406,1,0.01,0.00593,0,0,0
3624252,1,0,0.00341,0,0,0
3525396,1,0.01,0.005,0,0,0
3363895,1,0.01,0.00653,0,0,0
3566839,1,0.01,0.00715,0,0,0
1259671,1,0.01,0.005,0,0,0
3350089,1,0,0.00358,0,0,0
238537,1,0.01,0.005,1,0.01,100
718521,1,0.01,0.005,0,0,0
3203275,1,0.01,0.005,0,0,0
2041783,1,0,0.00332,0,0,0
3474829,1,0.01,0.005,0,0,0
3400393,1,0,0.00344,0,0,0
3150759,1,0.01,0.00633,0,0,0
2046172,1,0,0.00341,0,0,0
2628248,1,0.01,0.00613,0,0,0
3308503,1,0.01,0.005,0,0,0
1416294,1,0.01,0.00613,0,0,0
3348655,1,0.01,0.00682,0,0,0
2003407,1,0.01,0.005,0,0,0
2658273,1,0.01,0.005,0,0,0
3326281,1,0,0.00341,0,0,0
3161563,1,0,0.002,0,0,0
2559589,1,0.01,0.005,0,0,0
3556671,1,0,0.00341,0,0,0
3635538,1,0.01,0.005,0,0,0
3575844,1,0.01,0.005,0,0,0
1587299,1,0,0.00341,0,0,0
2912352,1,0.01,0.00688,0,0,0
1015868,1,0.01,0.0055,0,0,0
3002245,1,0,0.00341,0,0,0